<application>
  <component name="AndroidLogcatFilterHistory">
    <option name="mostRecentlyUsed" value="package:mine " />
    <option name="nonFavorites">
      <list>
        <option value="package:mine " />
        <option value="package:mine" />
        <option value="package:com.example.fourlog " />
        <option value="package:com.example.fourlog out" />
        <option value="package:com.example.fourlog System.out" />
        <option value="package:com.example.fourlog  " />
        <option value="package:com.example.fourlog  System.out" />
        <option value="package:mine System.out" />
        <option value="package:mine Syste" />
      </list>
    </option>
  </component>
</application>